id,x,y,type,ncells,cell_indices
1,673557,3912078,0.0,320,"[15702, 15703, 15704, 15705, 15865, 15866, 15867, 15868, 16027, 16028, 16029, 16030, 16031, 16032, 16189, 16190, 16191, 16192, 16193, 16194, 16195, 16196, 16352, 16353, 16354, 16355, 16356, 16357, 16358, 16359, 16514, 16515, 16516, 16517, 16518, 16519, 16520, 16521, 16522, 16523, 16677, 16678, 16679, 16680, 16681, 16682, 16683, 16684, 16685, 16686, 16687, 16839, 16840, 16841, 16842, 16843, 16844, 16845, 16846, 16847, 16848, 16849, 16850, 17002, 17003, 17004, 17005, 17006, 17007, 17008, 17009, 17010, 17011, 17012, 17013, 17014, 17164, 17165, 17166, 17167, 17168, 17169, 17170, 17171, 17172, 17173, 17174, 17175, 17176, 17177, 17178, 17326, 17327, 17328, 17329, 17330, 17331, 17332, 17333, 17334, 17335, 17336, 17337, 17338, 17339, 17340, 17341, 17489, 17490, 17491, 17492, 17493, 17494, 17495, 17496, 17497, 17498, 17499, 17500, 17501, 17502, 17503, 17504, 17505, 17651, 17652, 17653, 17654, 17655, 17656, 17657, 17658, 17659, 17660, 17661, 17662, 17663, 17664, 17665, 17666, 17667, 17668, 17669, 17814, 17815, 17816, 17817, 17818, 17819, 17820, 17821, 17822, 17823, 17824, 17825, 17826, 17827, 17828, 17829, 17830, 17831, 17832, 17976, 17977, 17978, 17979, 17980, 17981, 17982, 17983, 17984, 17985, 17986, 17987, 17988, 17989, 17990, 17991, 17992, 17993, 17994, 17995, 17996, 18139, 18140, 18141, 18142, 18143, 18144, 18145, 18146, 18147, 18148, 18149, 18150, 18151, 18152, 18153, 18154, 18155, 18156, 18157, 18158, 18159, 18301, 18302, 18303, 18304, 18305, 18306, 18307, 18308, 18309, 18310, 18311, 18312, 18313, 18314, 18315, 18316, 18317, 18318, 18319, 18320, 18321, 18322, 18323, 18464, 18465, 18466, 18467, 18468, 18469, 18470, 18471, 18472, 18473, 18474, 18475, 18476, 18477, 18478, 18479, 18480, 18481, 18482, 18483, 18484, 18485, 18486, 18487, 18628, 18629, 18630, 18631, 18632, 18633, 18634, 18635, 18636, 18637, 18638, 18639, 18640, 18641, 18642, 18643, 18644, 18645, 18646, 18647, 18648, 18649, 18792, 18793, 18794, 18795, 18796, 18797, 18798, 18799, 18800, 18801, 18802, 18803, 18804, 18805, 18806, 18807, 18808, 18809, 18810, 18811, 18957, 18958, 18959, 18960, 18961, 18962, 18963, 18964, 18965, 18966, 18967, 18968, 18969, 18970, 18971, 18972, 19123, 19124, 19125, 19126, 19127, 19128, 19129, 19130, 19131, 19132, 19133]"
2,671700,3911030,0.0,320,"[14866, 14867, 14868, 14869, 14870, 14871, 14872, 14873, 14874, 14875, 14876, 14877, 14878, 14879, 14880, 14881, 15029, 15030, 15031, 15032, 15033, 15034, 15035, 15036, 15037, 15038, 15039, 15040, 15041, 15042, 15043, 15044, 15045, 15046, 15047, 15048, 15049, 15192, 15193, 15194, 15195, 15196, 15197, 15198, 15199, 15200, 15201, 15202, 15203, 15204, 15205, 15206, 15207, 15208, 15209, 15210, 15211, 15212, 15355, 15356, 15357, 15358, 15359, 15360, 15361, 15362, 15363, 15364, 15365, 15366, 15367, 15368, 15369, 15370, 15371, 15372, 15373, 15374, 15375, 15518, 15519, 15520, 15521, 15522, 15523, 15524, 15525, 15526, 15527, 15528, 15529, 15530, 15531, 15532, 15533, 15534, 15535, 15536, 15537, 15538, 15681, 15682, 15683, 15684, 15685, 15686, 15687, 15688, 15689, 15690, 15691, 15692, 15693, 15694, 15695, 15696, 15697, 15698, 15699, 15700, 15701, 15844, 15845, 15846, 15847, 15848, 15849, 15850, 15851, 15852, 15853, 15854, 15855, 15856, 15857, 15858, 15859, 15860, 15861, 15862, 15863, 15864, 16007, 16008, 16009, 16010, 16011, 16012, 16013, 16014, 16015, 16016, 16017, 16018, 16019, 16020, 16021, 16022, 16023, 16024, 16025, 16026, 16170, 16171, 16172, 16173, 16174, 16175, 16176, 16177, 16178, 16179, 16180, 16181, 16182, 16183, 16184, 16185, 16186, 16187, 16188, 16333, 16334, 16335, 16336, 16337, 16338, 16339, 16340, 16341, 16342, 16343, 16344, 16345, 16346, 16347, 16348, 16349, 16350, 16351, 16497, 16498, 16499, 16500, 16501, 16502, 16503, 16504, 16505, 16506, 16507, 16508, 16509, 16510, 16511, 16512, 16513, 16660, 16661, 16662, 16663, 16664, 16665, 16666, 16667, 16668, 16669, 16670, 16671, 16672, 16673, 16674, 16675, 16676, 16824, 16825, 16826, 16827, 16828, 16829, 16830, 16831, 16832, 16833, 16834, 16835, 16836, 16837, 16838, 16987, 16988, 16989, 16990, 16991, 16992, 16993, 16994, 16995, 16996, 16997, 16998, 16999, 17000, 17001, 17151, 17152, 17153, 17154, 17155, 17156, 17157, 17158, 17159, 17160, 17161, 17162, 17163, 17315, 17316, 17317, 17318, 17319, 17320, 17321, 17322, 17323, 17324, 17325, 17479, 17480, 17481, 17482, 17483, 17484, 17485, 17486, 17487, 17488, 17643, 17644, 17645, 17646, 17647, 17648, 17649, 17650, 17807, 17808, 17809, 17810, 17811, 17812, 17813, 17971, 17972, 17973, 17974, 17975, 18137, 18138]"
3,671818,3909099,0.0,182,"[13726, 13727, 13728, 13729, 13730, 13731, 13732, 13733, 13734, 13735, 13885, 13886, 13887, 13888, 13889, 13890, 13891, 13892, 13893, 13894, 13895, 13896, 13897, 13898, 13899, 13900, 13901, 13902, 13903, 13904, 13905, 14045, 14046, 14047, 14048, 14049, 14050, 14051, 14052, 14053, 14054, 14055, 14056, 14057, 14058, 14059, 14060, 14061, 14062, 14063, 14064, 14065, 14066, 14067, 14068, 14069, 14070, 14204, 14205, 14206, 14207, 14208, 14209, 14210, 14211, 14212, 14213, 14214, 14215, 14216, 14217, 14218, 14219, 14220, 14221, 14222, 14223, 14224, 14225, 14226, 14227, 14228, 14229, 14230, 14231, 14232, 14233, 14234, 14364, 14365, 14366, 14367, 14368, 14369, 14370, 14371, 14372, 14373, 14374, 14375, 14376, 14377, 14378, 14379, 14380, 14381, 14382, 14383, 14384, 14385, 14386, 14387, 14388, 14389, 14390, 14391, 14392, 14393, 14394, 14395, 14396, 14397, 14526, 14527, 14528, 14529, 14530, 14531, 14532, 14533, 14534, 14535, 14536, 14537, 14538, 14539, 14540, 14541, 14542, 14543, 14544, 14545, 14546, 14547, 14548, 14549, 14550, 14551, 14552, 14553, 14554, 14555, 14556, 14557, 14558, 14559, 14560, 14703, 14704, 14705, 14706, 14707, 14708, 14709, 14710, 14711, 14712, 14713, 14714, 14715, 14716, 14717, 14718, 14719, 14720, 14721, 14722, 14723, 14882, 14883, 14884, 14885]"
4,671991,3907999,0.0,54,"[12931, 13091, 13092, 13093, 13094, 13095, 13250, 13251, 13252, 13253, 13254, 13255, 13256, 13257, 13258, 13410, 13411, 13412, 13413, 13414, 13415, 13416, 13417, 13418, 13419, 13420, 13421, 13570, 13571, 13572, 13573, 13574, 13575, 13576, 13577, 13578, 13579, 13580, 13581, 13582, 13583, 13736, 13737, 13738, 13739, 13740, 13741, 13742, 13743, 13744, 13745, 13906, 13907, 13908]"
5,671599,3906697,0.0,67,"[12273, 12274, 12275, 12435, 12436, 12437, 12438, 12439, 12596, 12597, 12598, 12599, 12600, 12601, 12602, 12603, 12758, 12759, 12760, 12761, 12762, 12763, 12764, 12765, 12766, 12767, 12919, 12920, 12921, 12922, 12923, 12924, 12925, 12926, 12927, 12928, 12929, 12930, 13081, 13082, 13083, 13084, 13085, 13086, 13087, 13088, 13089, 13090, 13242, 13243, 13244, 13245, 13246, 13247, 13248, 13249, 13404, 13405, 13406, 13407, 13408, 13409, 13565, 13566, 13567, 13568, 13569]"
6,670861,3905556,0.0,304,"[10799, 10800, 10801, 10960, 10961, 10962, 10963, 10964, 10965, 10966, 11121, 11122, 11123, 11124, 11125, 11126, 11127, 11128, 11129, 11130, 11282, 11283, 11284, 11285, 11286, 11287, 11288, 11289, 11290, 11291, 11292, 11293, 11294, 11443, 11444, 11445, 11446, 11447, 11448, 11449, 11450, 11451, 11452, 11453, 11454, 11455, 11456, 11457, 11605, 11606, 11607, 11608, 11609, 11610, 11611, 11612, 11613, 11614, 11615, 11616, 11617, 11618, 11619, 11620, 11621, 11766, 11767, 11768, 11769, 11770, 11771, 11772, 11773, 11774, 11775, 11776, 11777, 11778, 11779, 11780, 11781, 11782, 11783, 11784, 11928, 11929, 11930, 11931, 11932, 11933, 11934, 11935, 11936, 11937, 11938, 11939, 11940, 11941, 11942, 11943, 11944, 11945, 11946, 11947, 12090, 12091, 12092, 12093, 12094, 12095, 12096, 12097, 12098, 12099, 12100, 12101, 12102, 12103, 12104, 12105, 12106, 12107, 12108, 12109, 12110, 12111, 12253, 12254, 12255, 12256, 12257, 12258, 12259, 12260, 12261, 12262, 12263, 12264, 12265, 12266, 12267, 12268, 12269, 12270, 12271, 12272, 12415, 12416, 12417, 12418, 12419, 12420, 12421, 12422, 12423, 12424, 12425, 12426, 12427, 12428, 12429, 12430, 12431, 12432, 12433, 12434, 12578, 12579, 12580, 12581, 12582, 12583, 12584, 12585, 12586, 12587, 12588, 12589, 12590, 12591, 12592, 12593, 12594, 12595, 12740, 12741, 12742, 12743, 12744, 12745, 12746, 12747, 12748, 12749, 12750, 12751, 12752, 12753, 12754, 12755, 12756, 12757, 12902, 12903, 12904, 12905, 12906, 12907, 12908, 12909, 12910, 12911, 12912, 12913, 12914, 12915, 12916, 12917, 12918, 13065, 13066, 13067, 13068, 13069, 13070, 13071, 13072, 13073, 13074, 13075, 13076, 13077, 13078, 13079, 13080, 13227, 13228, 13229, 13230, 13231, 13232, 13233, 13234, 13235, 13236, 13237, 13238, 13239, 13240, 13241, 13390, 13391, 13392, 13393, 13394, 13395, 13396, 13397, 13398, 13399, 13400, 13401, 13402, 13403, 13552, 13553, 13554, 13555, 13556, 13557, 13558, 13559, 13560, 13561, 13562, 13563, 13564, 13715, 13716, 13717, 13718, 13719, 13720, 13721, 13722, 13723, 13724, 13725, 13877, 13878, 13879, 13880, 13881, 13882, 13883, 13884, 14039, 14040, 14041, 14042, 14043, 14044, 14202, 14203]"
7,672158,3905111,0.0,26,"[11295, 11296, 11297, 11298, 11299, 11300, 11301, 11458, 11459, 11460, 11461, 11462, 11463, 11622, 11623, 11624, 11625, 11626, 11785, 11786, 11787, 11788, 11948, 11949, 11950, 12112]"
8,672714,3905546,0.0,45,"[11140, 11141, 11302, 11303, 11304, 11305, 11464, 11465, 11466, 11467, 11468, 11627, 11628, 11629, 11630, 11789, 11790, 11791, 11792, 11793, 11951, 11952, 11953, 11954, 11955, 12113, 12114, 12115, 12116, 12117, 12118, 12276, 12277, 12278, 12279, 12280, 12281, 12440, 12441, 12442, 12443, 12604, 12605, 12606, 12768]"
9,675371,3904906,0.0,65,"[10981, 10982, 10983, 10984, 10985, 11142, 11143, 11144, 11145, 11146, 11147, 11148, 11149, 11150, 11151, 11306, 11307, 11308, 11309, 11310, 11311, 11312, 11313, 11314, 11469, 11470, 11471, 11472, 11473, 11474, 11475, 11476, 11477, 11478, 11633, 11634, 11635, 11636, 11637, 11638, 11639, 11640, 11641, 11797, 11798, 11799, 11800, 11801, 11802, 11803, 11804, 11961, 11962, 11963, 11964, 11965, 11966, 11967, 12125, 12126, 12127, 12128, 12129, 12290, 12291]"
10,674256,3906143,0.0,62,"[11631, 11632, 11794, 11795, 11796, 11956, 11957, 11958, 11959, 11960, 12119, 12120, 12121, 12122, 12123, 12124, 12282, 12283, 12284, 12285, 12286, 12287, 12288, 12289, 12444, 12445, 12446, 12447, 12448, 12449, 12450, 12451, 12452, 12453, 12607, 12608, 12609, 12610, 12611, 12612, 12613, 12614, 12615, 12769, 12770, 12771, 12772, 12773, 12774, 12775, 12776, 12777, 12778, 12932, 12933, 12934, 12935, 12936, 12937, 12938, 12939, 12940]"
11,674496,3908159,0.0,68,"[12941, 13096, 13097, 13098, 13099, 13100, 13101, 13102, 13103, 13104, 13259, 13260, 13261, 13262, 13263, 13264, 13265, 13266, 13267, 13268, 13423, 13424, 13425, 13426, 13427, 13428, 13429, 13430, 13431, 13587, 13588, 13589, 13590, 13591, 13592, 13593, 13594, 13595, 13750, 13751, 13752, 13753, 13754, 13755, 13756, 13757, 13758, 13914, 13915, 13916, 13917, 13918, 13919, 13920, 13921, 13922, 14078, 14079, 14080, 14081, 14082, 14083, 14084, 14085, 14242, 14243, 14244, 14245]"
12,673456,3908909,0.0,35,"[13422, 13584, 13585, 13586, 13746, 13747, 13748, 13749, 13909, 13910, 13911, 13912, 13913, 14071, 14072, 14073, 14074, 14075, 14076, 14077, 14235, 14236, 14237, 14238, 14239, 14240, 14398, 14399, 14400, 14401, 14402, 14561, 14562, 14563, 14724]"
13,674155,3909912,0.0,16,"[14241, 14403, 14404, 14405, 14564, 14565, 14566, 14567, 14568, 14727, 14728, 14729, 14730, 14891, 14892, 14893]"
14,674747,3910144,0.0,44,"[14246, 14247, 14406, 14407, 14408, 14409, 14410, 14569, 14570, 14571, 14572, 14573, 14731, 14732, 14733, 14734, 14735, 14736, 14894, 14895, 14896, 14897, 14898, 14899, 15056, 15057, 15058, 15059, 15060, 15061, 15062, 15219, 15220, 15221, 15222, 15223, 15224, 15225, 15383, 15384, 15385, 15386, 15387, 15388]"
15,673800,3910462,0.0,31,"[14725, 14726, 14886, 14887, 14888, 14889, 14890, 15050, 15051, 15052, 15053, 15054, 15055, 15213, 15214, 15215, 15216, 15217, 15218, 15376, 15377, 15378, 15379, 15380, 15381, 15382, 15539, 15540, 15541, 15542, 15543]"
16,674483,3911483,0.0,128,"[15544, 15545, 15546, 15547, 15548, 15549, 15550, 15706, 15707, 15708, 15709, 15710, 15711, 15712, 15713, 15714, 15869, 15870, 15871, 15872, 15873, 15874, 15875, 15876, 15877, 16033, 16034, 16035, 16036, 16037, 16038, 16039, 16040, 16041, 16197, 16198, 16199, 16200, 16201, 16202, 16203, 16204, 16360, 16361, 16362, 16363, 16364, 16365, 16366, 16367, 16368, 16524, 16525, 16526, 16527, 16528, 16529, 16530, 16531, 16688, 16689, 16690, 16691, 16692, 16693, 16694, 16695, 16851, 16852, 16853, 16854, 16855, 16856, 16857, 16858, 17015, 17016, 17017, 17018, 17019, 17020, 17021, 17179, 17180, 17181, 17182, 17183, 17184, 17185, 17342, 17343, 17344, 17345, 17346, 17347, 17348, 17506, 17507, 17508, 17509, 17510, 17511, 17670, 17671, 17672, 17673, 17674, 17833, 17834, 17835, 17836, 17837, 17997, 17998, 17999, 18000, 18160, 18161, 18162, 18163, 18324, 18325, 18326, 18488, 18489, 18651, 18652, 18815]"
17,677105,3910330,0.0,120,"[14086, 14087, 14248, 14249, 14250, 14251, 14252, 14411, 14412, 14413, 14414, 14415, 14416, 14417, 14574, 14575, 14576, 14577, 14578, 14579, 14580, 14581, 14582, 14737, 14738, 14739, 14740, 14741, 14742, 14743, 14744, 14745, 14746, 14900, 14901, 14902, 14903, 14904, 14905, 14906, 14907, 14908, 14909, 14910, 15063, 15064, 15065, 15066, 15067, 15068, 15069, 15070, 15071, 15072, 15226, 15227, 15228, 15229, 15230, 15231, 15232, 15233, 15234, 15235, 15389, 15390, 15391, 15392, 15393, 15394, 15395, 15396, 15397, 15551, 15552, 15553, 15554, 15555, 15556, 15557, 15558, 15559, 15560, 15715, 15716, 15717, 15718, 15719, 15720, 15721, 15722, 15878, 15879, 15880, 15881, 15882, 15883, 15884, 16042, 16043, 16044, 16045, 16046, 16047, 16205, 16206, 16207, 16208, 16209, 16369, 16370, 16371, 16372, 16532, 16533, 16534, 16696, 16697, 16859, 17022]"
18,678188,3908273,0.0,93,"[12953, 12954, 12955, 13115, 13116, 13117, 13118, 13119, 13120, 13277, 13278, 13279, 13280, 13281, 13282, 13283, 13439, 13440, 13441, 13442, 13443, 13444, 13445, 13446, 13601, 13602, 13603, 13604, 13605, 13606, 13607, 13608, 13609, 13763, 13764, 13765, 13766, 13767, 13768, 13769, 13770, 13771, 13772, 13925, 13926, 13927, 13928, 13929, 13930, 13931, 13932, 13933, 13934, 13935, 13936, 14088, 14089, 14090, 14091, 14092, 14093, 14094, 14095, 14096, 14097, 14098, 14099, 14253, 14254, 14255, 14256, 14257, 14258, 14259, 14260, 14261, 14262, 14418, 14419, 14420, 14421, 14422, 14423, 14424, 14425, 14583, 14584, 14585, 14586, 14587, 14588, 14747, 14748]"
19,676926,3907006,0.0,80,"[12130, 12131, 12292, 12293, 12294, 12295, 12454, 12455, 12456, 12457, 12458, 12459, 12460, 12616, 12617, 12618, 12619, 12620, 12621, 12622, 12623, 12624, 12779, 12780, 12781, 12782, 12783, 12784, 12785, 12786, 12787, 12788, 12789, 12942, 12943, 12944, 12945, 12946, 12947, 12948, 12949, 12950, 12951, 12952, 13105, 13106, 13107, 13108, 13109, 13110, 13111, 13112, 13113, 13114, 13269, 13270, 13271, 13272, 13273, 13274, 13275, 13276, 13432, 13433, 13434, 13435, 13436, 13437, 13438, 13596, 13597, 13598, 13599, 13600, 13759, 13760, 13761, 13762, 13923, 13924]"
20,677896,3905538,0.0,38,"[11644, 11645, 11646, 11805, 11806, 11807, 11808, 11809, 11810, 11811, 11812, 11968, 11969, 11970, 11971, 11972, 11973, 11974, 11975, 12132, 12133, 12134, 12135, 12136, 12137, 12138, 12296, 12297, 12298, 12299, 12300, 12301, 12461, 12462, 12463, 12464, 12625, 12626]"
21,678152,3904749,0.0,31,"[10833, 10834, 10835, 10996, 10997, 10998, 10999, 11158, 11159, 11160, 11161, 11162, 11163, 11320, 11321, 11322, 11323, 11324, 11325, 11326, 11482, 11483, 11484, 11485, 11486, 11487, 11488, 11647, 11648, 11649, 11650]"
22,680243,3904463,0.0,69,"[10676, 10677, 10678, 10838, 10839, 10840, 10841, 10842, 10843, 11000, 11001, 11002, 11003, 11004, 11005, 11006, 11007, 11008, 11164, 11165, 11166, 11167, 11168, 11169, 11170, 11171, 11172, 11173, 11327, 11328, 11329, 11330, 11331, 11332, 11333, 11334, 11335, 11336, 11337, 11338, 11491, 11492, 11493, 11494, 11495, 11496, 11497, 11498, 11499, 11500, 11501, 11654, 11655, 11656, 11657, 11658, 11659, 11660, 11661, 11662, 11818, 11819, 11820, 11821, 11822, 11823, 11982, 11983, 11984]"
23,678950,3905598,0.0,51,"[11489, 11490, 11651, 11652, 11653, 11813, 11814, 11815, 11816, 11817, 11976, 11977, 11978, 11979, 11980, 11981, 12139, 12140, 12141, 12142, 12143, 12144, 12145, 12302, 12303, 12304, 12305, 12306, 12307, 12308, 12465, 12466, 12467, 12468, 12469, 12470, 12627, 12628, 12629, 12630, 12631, 12632, 12633, 12790, 12791, 12792, 12793, 12794, 12795, 12956, 12957]"
24,681269,3906610,0.0,96,"[11502, 11503, 11504, 11663, 11664, 11665, 11666, 11667, 11668, 11824, 11825, 11826, 11827, 11828, 11829, 11830, 11831, 11985, 11986, 11987, 11988, 11989, 11990, 11991, 11992, 11993, 11994, 12146, 12147, 12148, 12149, 12150, 12151, 12152, 12153, 12154, 12155, 12156, 12157, 12309, 12310, 12311, 12312, 12313, 12314, 12315, 12316, 12317, 12318, 12319, 12471, 12472, 12473, 12474, 12475, 12476, 12477, 12478, 12479, 12480, 12481, 12482, 12634, 12635, 12636, 12637, 12638, 12639, 12640, 12641, 12642, 12643, 12644, 12645, 12798, 12799, 12800, 12801, 12802, 12803, 12804, 12805, 12806, 12807, 12808, 12963, 12964, 12965, 12966, 12967, 12968, 12969, 12970, 13129, 13130, 13131]"
25,680882,3907666,0.0,67,"[12796, 12797, 12958, 12959, 12960, 12961, 12962, 13121, 13122, 13123, 13124, 13125, 13126, 13127, 13128, 13284, 13285, 13286, 13287, 13288, 13289, 13290, 13291, 13292, 13293, 13447, 13448, 13449, 13450, 13451, 13452, 13453, 13454, 13455, 13456, 13610, 13611, 13612, 13613, 13614, 13615, 13616, 13617, 13618, 13773, 13774, 13775, 13776, 13777, 13778, 13779, 13780, 13781, 13937, 13938, 13939, 13940, 13941, 13942, 13943, 14100, 14101, 14102, 14103, 14104, 14263, 14264]"
26,679303,3911494,0.0,320,"[14749, 14750, 14751, 14752, 14911, 14912, 14913, 14914, 14915, 15073, 15074, 15075, 15076, 15077, 15078, 15079, 15236, 15237, 15238, 15239, 15240, 15241, 15242, 15243, 15398, 15399, 15400, 15401, 15402, 15403, 15404, 15405, 15406, 15407, 15561, 15562, 15563, 15564, 15565, 15566, 15567, 15568, 15569, 15570, 15723, 15724, 15725, 15726, 15727, 15728, 15729, 15730, 15731, 15732, 15733, 15734, 15885, 15886, 15887, 15888, 15889, 15890, 15891, 15892, 15893, 15894, 15895, 15896, 15897, 16048, 16049, 16050, 16051, 16052, 16053, 16054, 16055, 16056, 16057, 16058, 16059, 16060, 16210, 16211, 16212, 16213, 16214, 16215, 16216, 16217, 16218, 16219, 16220, 16221, 16222, 16223, 16224, 16373, 16374, 16375, 16376, 16377, 16378, 16379, 16380, 16381, 16382, 16383, 16384, 16385, 16386, 16387, 16535, 16536, 16537, 16538, 16539, 16540, 16541, 16542, 16543, 16544, 16545, 16546, 16547, 16548, 16549, 16550, 16698, 16699, 16700, 16701, 16702, 16703, 16704, 16705, 16706, 16707, 16708, 16709, 16710, 16711, 16712, 16713, 16860, 16861, 16862, 16863, 16864, 16865, 16866, 16867, 16868, 16869, 16870, 16871, 16872, 16873, 16874, 16875, 16876, 17023, 17024, 17025, 17026, 17027, 17028, 17029, 17030, 17031, 17032, 17033, 17034, 17035, 17036, 17037, 17038, 17039, 17040, 17186, 17187, 17188, 17189, 17190, 17191, 17192, 17193, 17194, 17195, 17196, 17197, 17198, 17199, 17200, 17201, 17202, 17203, 17349, 17350, 17351, 17352, 17353, 17354, 17355, 17356, 17357, 17358, 17359, 17360, 17361, 17362, 17363, 17364, 17365, 17366, 17512, 17513, 17514, 17515, 17516, 17517, 17518, 17519, 17520, 17521, 17522, 17523, 17524, 17525, 17526, 17527, 17528, 17529, 17675, 17676, 17677, 17678, 17679, 17680, 17681, 17682, 17683, 17684, 17685, 17686, 17687, 17688, 17689, 17690, 17691, 17692, 17693, 17838, 17839, 17840, 17841, 17842, 17843, 17844, 17845, 17846, 17847, 17848, 17849, 17850, 17851, 17852, 17853, 17854, 17855, 17856, 18001, 18002, 18003, 18004, 18005, 18006, 18007, 18008, 18009, 18010, 18011, 18012, 18013, 18014, 18015, 18016, 18017, 18018, 18019, 18165, 18166, 18167, 18168, 18169, 18170, 18171, 18172, 18173, 18174, 18175, 18176, 18177, 18178, 18179, 18180, 18330, 18331, 18332, 18333, 18334, 18335, 18336, 18337, 18338, 18339, 18340, 18341, 18498, 18499]"
27,682499,3910722,0.0,320,"[14763, 14764, 14765, 14766, 14767, 14768, 14769, 14925, 14926, 14927, 14928, 14929, 14930, 14931, 14932, 14933, 15087, 15088, 15089, 15090, 15091, 15092, 15093, 15094, 15095, 15096, 15249, 15250, 15251, 15252, 15253, 15254, 15255, 15256, 15257, 15258, 15259, 15260, 15410, 15411, 15412, 15413, 15414, 15415, 15416, 15417, 15418, 15419, 15420, 15421, 15422, 15423, 15572, 15573, 15574, 15575, 15576, 15577, 15578, 15579, 15580, 15581, 15582, 15583, 15584, 15585, 15586, 15735, 15736, 15737, 15738, 15739, 15740, 15741, 15742, 15743, 15744, 15745, 15746, 15747, 15748, 15749, 15750, 15898, 15899, 15900, 15901, 15902, 15903, 15904, 15905, 15906, 15907, 15908, 15909, 15910, 15911, 15912, 15913, 16061, 16062, 16063, 16064, 16065, 16066, 16067, 16068, 16069, 16070, 16071, 16072, 16073, 16074, 16075, 16076, 16225, 16226, 16227, 16228, 16229, 16230, 16231, 16232, 16233, 16234, 16235, 16236, 16237, 16238, 16239, 16240, 16388, 16389, 16390, 16391, 16392, 16393, 16394, 16395, 16396, 16397, 16398, 16399, 16400, 16401, 16402, 16551, 16552, 16553, 16554, 16555, 16556, 16557, 16558, 16559, 16560, 16561, 16562, 16563, 16564, 16565, 16714, 16715, 16716, 16717, 16718, 16719, 16720, 16721, 16722, 16723, 16724, 16725, 16726, 16727, 16728, 16877, 16878, 16879, 16880, 16881, 16882, 16883, 16884, 16885, 16886, 16887, 16888, 16889, 16890, 16891, 17041, 17042, 17043, 17044, 17045, 17046, 17047, 17048, 17049, 17050, 17051, 17052, 17053, 17204, 17205, 17206, 17207, 17208, 17209, 17210, 17211, 17212, 17213, 17214, 17215, 17216, 17367, 17368, 17369, 17370, 17371, 17372, 17373, 17374, 17375, 17376, 17377, 17378, 17379, 17530, 17531, 17532, 17533, 17534, 17535, 17536, 17537, 17538, 17539, 17540, 17541, 17542, 17694, 17695, 17696, 17697, 17698, 17699, 17700, 17701, 17702, 17703, 17704, 17705, 17857, 17858, 17859, 17860, 17861, 17862, 17863, 17864, 17865, 17866, 17867, 17868, 18020, 18021, 18022, 18023, 18024, 18025, 18026, 18027, 18028, 18029, 18030, 18031, 18183, 18184, 18185, 18186, 18187, 18188, 18189, 18190, 18191, 18192, 18193, 18194, 18347, 18348, 18349, 18350, 18351, 18352, 18353, 18354, 18355, 18356, 18357, 18510, 18511, 18512, 18513, 18514, 18515, 18516, 18517, 18518, 18519, 18673, 18674, 18675, 18676, 18677, 18678, 18679, 18680]"
28,681692,3909689,1.0,68,"[14105, 14106, 14107, 14265, 14266, 14267, 14268, 14269, 14270, 14271, 14272, 14426, 14427, 14428, 14429, 14430, 14431, 14432, 14433, 14434, 14435, 14436, 14589, 14590, 14591, 14592, 14593, 14594, 14595, 14596, 14597, 14598, 14599, 14600, 14753, 14754, 14755, 14756, 14757, 14758, 14759, 14760, 14761, 14762, 14916, 14917, 14918, 14919, 14920, 14921, 14922, 14923, 14924, 15080, 15081, 15082, 15083, 15084, 15085, 15086, 15244, 15245, 15246, 15247, 15248, 15408, 15409, 15571]"
29,682690,3908499,0.0,75,"[12971, 13132, 13133, 13134, 13135, 13294, 13295, 13296, 13297, 13298, 13299, 13457, 13458, 13459, 13460, 13461, 13462, 13619, 13620, 13621, 13622, 13623, 13624, 13625, 13626, 13782, 13783, 13784, 13785, 13786, 13787, 13788, 13789, 13944, 13945, 13946, 13947, 13948, 13949, 13950, 13951, 13952, 13953, 14108, 14109, 14110, 14111, 14112, 14113, 14114, 14115, 14116, 14117, 14273, 14274, 14275, 14276, 14277, 14278, 14279, 14280, 14437, 14438, 14439, 14440, 14441, 14442, 14443, 14444, 14601, 14602, 14603, 14604, 14605, 14606]"
30,686298,3909225,0.0,93,"[13637, 13638, 13797, 13798, 13799, 13800, 13801, 13802, 13959, 13960, 13961, 13962, 13963, 13964, 13965, 13966, 14120, 14121, 14122, 14123, 14124, 14125, 14126, 14127, 14128, 14129, 14282, 14283, 14284, 14285, 14286, 14287, 14288, 14289, 14290, 14291, 14445, 14446, 14447, 14448, 14449, 14450, 14451, 14452, 14453, 14607, 14608, 14609, 14610, 14611, 14612, 14613, 14614, 14615, 14770, 14771, 14772, 14773, 14774, 14775, 14776, 14777, 14778, 14934, 14935, 14936, 14937, 14938, 14939, 14940, 15097, 15098, 15099, 15100, 15101, 15102, 15261, 15262, 15263, 15264, 15265, 15424, 15425, 15426, 15427, 15587, 15588, 15589, 15751, 15752, 15914, 15915, 16077]"
31,684533,3907350,0.0,75,"[12158, 12159, 12320, 12321, 12322, 12323, 12324, 12483, 12484, 12485, 12486, 12487, 12488, 12646, 12647, 12648, 12649, 12650, 12651, 12652, 12809, 12810, 12811, 12812, 12813, 12814, 12815, 12816, 12972, 12973, 12974, 12975, 12976, 12977, 12978, 12979, 13136, 13137, 13138, 13139, 13140, 13141, 13142, 13300, 13301, 13302, 13303, 13304, 13305, 13463, 13464, 13465, 13466, 13467, 13468, 13627, 13628, 13629, 13630, 13631, 13632, 13790, 13791, 13792, 13793, 13794, 13795, 13954, 13955, 13956, 13957, 13958, 14118, 14119, 14281]"
32,685442,3907151,0.0,31,"[12653, 12654, 12655, 12817, 12818, 12819, 12980, 12981, 12982, 12983, 13143, 13144, 13145, 13146, 13147, 13306, 13307, 13308, 13309, 13310, 13469, 13470, 13471, 13472, 13473, 13474, 13633, 13634, 13635, 13636, 13796]"
33,687998,3907633,0.0,51,"[12505, 12506, 12507, 12508, 12664, 12665, 12666, 12667, 12668, 12669, 12670, 12826, 12827, 12828, 12829, 12830, 12831, 12832, 12988, 12989, 12990, 12991, 12992, 12993, 12994, 13151, 13152, 13153, 13154, 13155, 13156, 13313, 13314, 13315, 13316, 13317, 13318, 13476, 13477, 13478, 13479, 13480, 13639, 13640, 13641, 13642, 13643, 13803, 13804, 13805, 13967]"
34,686097,3906587,0.0,32,"[12332, 12333, 12334, 12493, 12494, 12495, 12496, 12497, 12498, 12656, 12657, 12658, 12659, 12660, 12661, 12662, 12820, 12821, 12822, 12823, 12824, 12825, 12984, 12985, 12986, 12987, 13148, 13149, 13150, 13311, 13312, 13475]"
35,685472,3905724,0.0,85,"[10860, 11020, 11021, 11022, 11023, 11180, 11181, 11182, 11183, 11184, 11185, 11186, 11187, 11343, 11344, 11345, 11346, 11347, 11348, 11349, 11350, 11351, 11505, 11506, 11507, 11508, 11509, 11510, 11511, 11512, 11513, 11514, 11669, 11670, 11671, 11672, 11673, 11674, 11675, 11676, 11677, 11678, 11832, 11833, 11834, 11835, 11836, 11837, 11838, 11839, 11840, 11841, 11842, 11995, 11996, 11997, 11998, 11999, 12000, 12001, 12002, 12003, 12004, 12005, 12160, 12161, 12162, 12163, 12164, 12165, 12166, 12167, 12168, 12169, 12325, 12326, 12327, 12328, 12329, 12330, 12331, 12489, 12490, 12491, 12492]"
36,687168,3905462,0.0,24,"[11521, 11684, 11846, 11847, 11848, 12009, 12010, 12011, 12012, 12171, 12172, 12173, 12174, 12175, 12335, 12336, 12337, 12338, 12339, 12499, 12500, 12501, 12502, 12663]"
37,687744,3905102,0.0,78,"[11201, 11202, 11203, 11204, 11360, 11361, 11362, 11363, 11364, 11365, 11366, 11367, 11368, 11522, 11523, 11524, 11525, 11526, 11527, 11528, 11529, 11530, 11531, 11532, 11533, 11685, 11686, 11687, 11688, 11689, 11690, 11691, 11692, 11693, 11694, 11695, 11696, 11697, 11849, 11850, 11851, 11852, 11853, 11854, 11855, 11856, 11857, 11858, 11859, 11860, 12013, 12014, 12015, 12016, 12017, 12018, 12019, 12020, 12021, 12022, 12176, 12177, 12178, 12179, 12180, 12181, 12182, 12183, 12184, 12340, 12341, 12342, 12343, 12344, 12345, 12346, 12503, 12504]"
38,686473,3905027,1.0,45,"[10537, 10699, 10700, 10701, 10861, 10862, 10863, 10864, 10865, 11024, 11025, 11026, 11027, 11028, 11029, 11188, 11189, 11190, 11191, 11192, 11193, 11352, 11353, 11354, 11355, 11356, 11357, 11515, 11516, 11517, 11518, 11519, 11520, 11679, 11680, 11681, 11682, 11683, 11843, 11844, 11845, 12006, 12007, 12008, 12170]"
39,687450,3903958,0.0,80,"[9892, 9893, 9894, 10053, 10054, 10055, 10056, 10057, 10214, 10215, 10216, 10217, 10218, 10219, 10220, 10221, 10375, 10376, 10377, 10378, 10379, 10380, 10381, 10382, 10383, 10384, 10385, 10538, 10539, 10540, 10541, 10542, 10543, 10544, 10545, 10546, 10547, 10548, 10702, 10703, 10704, 10705, 10706, 10707, 10708, 10709, 10710, 10711, 10712, 10866, 10867, 10868, 10869, 10870, 10871, 10872, 10873, 10874, 10875, 10876, 11030, 11031, 11032, 11033, 11034, 11035, 11036, 11037, 11038, 11039, 11040, 11194, 11195, 11196, 11197, 11198, 11199, 11200, 11358, 11359]"
40,689650,3902437,0.0,116,"[9577, 9578, 9732, 9733, 9734, 9735, 9736, 9737, 9738, 9739, 9740, 9741, 9742, 9895, 9896, 9897, 9898, 9899, 9900, 9901, 9902, 9903, 9904, 9905, 9906, 10058, 10059, 10060, 10061, 10062, 10063, 10064, 10065, 10066, 10067, 10068, 10069, 10070, 10222, 10223, 10224, 10225, 10226, 10227, 10228, 10229, 10230, 10231, 10232, 10233, 10386, 10387, 10388, 10389, 10390, 10391, 10392, 10393, 10394, 10395, 10396, 10549, 10550, 10551, 10552, 10553, 10554, 10555, 10556, 10557, 10558, 10559, 10713, 10714, 10715, 10716, 10717, 10718, 10719, 10720, 10721, 10722, 10877, 10878, 10879, 10880, 10881, 10882, 10883, 10884, 10885, 11041, 11042, 11043, 11044, 11045, 11046, 11047, 11048, 11205, 11206, 11207, 11208, 11209, 11210, 11211, 11369, 11370, 11371, 11372, 11373, 11374, 11534, 11535, 11536, 11698]"
41,693174,3902901,0.0,25,"[9916, 9917, 9918, 10078, 10079, 10080, 10240, 10241, 10242, 10402, 10403, 10404, 10564, 10565, 10566, 10726, 10727, 10728, 10888, 10889, 10890, 11050, 11051, 11212, 11213]"
43,692634,3902357,0.0,45,"[9584, 9585, 9586, 9746, 9747, 9748, 9749, 9750, 9751, 9908, 9909, 9910, 9911, 9912, 9913, 9914, 9915, 10071, 10072, 10073, 10074, 10075, 10076, 10077, 10234, 10235, 10236, 10237, 10238, 10239, 10397, 10398, 10399, 10400, 10401, 10560, 10561, 10562, 10563, 10723, 10724, 10725, 10886, 10887, 11049]"
44,692999,3901586,0.0,35,"[8446, 8447, 8609, 8610, 8611, 8772, 8773, 8774, 8934, 8935, 8936, 8937, 9097, 9098, 9099, 9100, 9101, 9259, 9260, 9261, 9262, 9263, 9264, 9422, 9423, 9424, 9425, 9426, 9427, 9587, 9588, 9589, 9590, 9752, 9753]"
45,694012,3901377,0.0,30,"[8775, 8776, 8938, 8939, 8940, 8941, 9102, 9103, 9104, 9105, 9265, 9266, 9267, 9268, 9428, 9429, 9430, 9431, 9432, 9591, 9592, 9593, 9594, 9595, 9754, 9755, 9756, 9757, 9758, 9919]"
46,694920,3900881,0.0,39,"[8459, 8620, 8621, 8622, 8781, 8782, 8783, 8784, 8785, 8786, 8942, 8943, 8944, 8945, 8946, 8947, 8948, 8949, 8950, 9106, 9107, 9108, 9109, 9110, 9111, 9112, 9113, 9114, 9269, 9270, 9271, 9272, 9273, 9274, 9275, 9433, 9434, 9435, 9596]"
47,694604,3900197,0.0,14,"[8448, 8457, 8458, 8612, 8613, 8614, 8616, 8617, 8618, 8619, 8777, 8778, 8779, 8780]"
48,691573,3898405,0.0,104,"[6322, 6323, 6324, 6484, 6485, 6486, 6487, 6646, 6647, 6648, 6649, 6650, 6807, 6808, 6809, 6810, 6811, 6812, 6813, 6969, 6970, 6971, 6972, 6973, 6974, 6975, 7130, 7131, 7132, 7133, 7134, 7135, 7136, 7137, 7138, 7139, 7292, 7293, 7294, 7295, 7296, 7297, 7298, 7299, 7300, 7301, 7302, 7453, 7454, 7455, 7456, 7457, 7458, 7459, 7460, 7461, 7462, 7463, 7464, 7465, 7617, 7618, 7619, 7620, 7621, 7622, 7623, 7624, 7625, 7626, 7627, 7628, 7629, 7782, 7783, 7784, 7785, 7786, 7787, 7788, 7789, 7790, 7791, 7792, 7793, 7946, 7947, 7948, 7949, 7950, 7951, 7952, 7953, 7954, 7955, 7956, 7957, 8114, 8115, 8116, 8117, 8118, 8119, 8120]"
49,691246,3900843,0.0,80,"[8110, 8111, 8112, 8113, 8273, 8274, 8275, 8276, 8277, 8278, 8279, 8280, 8281, 8282, 8283, 8436, 8437, 8438, 8439, 8440, 8441, 8442, 8443, 8444, 8445, 8600, 8601, 8602, 8603, 8604, 8605, 8606, 8607, 8608, 8763, 8764, 8765, 8766, 8767, 8768, 8769, 8770, 8771, 8926, 8927, 8928, 8929, 8930, 8931, 8932, 8933, 9089, 9090, 9091, 9092, 9093, 9094, 9095, 9096, 9253, 9254, 9255, 9256, 9257, 9258, 9416, 9417, 9418, 9419, 9420, 9421, 9579, 9580, 9581, 9582, 9583, 9743, 9744, 9745, 9907]"
50,689505,3901282,0.0,116,"[7450, 7613, 7614, 7615, 7616, 7776, 7777, 7778, 7779, 7780, 7781, 7939, 7940, 7941, 7942, 7943, 7944, 7945, 8102, 8103, 8104, 8105, 8106, 8107, 8108, 8109, 8264, 8265, 8266, 8267, 8268, 8269, 8270, 8271, 8272, 8427, 8428, 8429, 8430, 8431, 8432, 8433, 8434, 8435, 8590, 8591, 8592, 8593, 8594, 8595, 8596, 8597, 8598, 8599, 8753, 8754, 8755, 8756, 8757, 8758, 8759, 8760, 8761, 8762, 8916, 8917, 8918, 8919, 8920, 8921, 8922, 8923, 8924, 8925, 9079, 9080, 9081, 9082, 9083, 9084, 9085, 9086, 9087, 9088, 9242, 9243, 9244, 9245, 9246, 9247, 9248, 9249, 9250, 9251, 9252, 9405, 9406, 9407, 9408, 9409, 9410, 9411, 9412, 9413, 9414, 9415, 9568, 9569, 9570, 9571, 9572, 9573, 9574, 9575, 9576, 9731]"
51,686145,3901184,0.0,127,"[7611, 7612, 7771, 7772, 7773, 7774, 7775, 7932, 7933, 7934, 7935, 7936, 7937, 7938, 8093, 8094, 8095, 8096, 8097, 8098, 8099, 8100, 8101, 8255, 8256, 8257, 8258, 8259, 8260, 8261, 8262, 8263, 8418, 8419, 8420, 8421, 8422, 8423, 8424, 8425, 8426, 8581, 8582, 8583, 8584, 8585, 8586, 8587, 8588, 8589, 8744, 8745, 8746, 8747, 8748, 8749, 8750, 8751, 8752, 8907, 8908, 8909, 8910, 8911, 8912, 8913, 8914, 8915, 9070, 9071, 9072, 9073, 9074, 9075, 9076, 9077, 9078, 9233, 9234, 9235, 9236, 9237, 9238, 9239, 9240, 9241, 9396, 9397, 9398, 9399, 9400, 9401, 9402, 9403, 9404, 9559, 9560, 9561, 9562, 9563, 9564, 9565, 9566, 9567, 9722, 9723, 9724, 9725, 9726, 9727, 9728, 9729, 9730, 9885, 9886, 9887, 9888, 9889, 9890, 9891, 10048, 10049, 10050, 10051, 10052, 10212, 10213]"
52,684298,3901803,1.0,106,"[9062, 9224, 9225, 9226, 9227, 9386, 9387, 9388, 9389, 9390, 9391, 9392, 9548, 9549, 9550, 9551, 9552, 9553, 9554, 9555, 9556, 9710, 9711, 9712, 9713, 9714, 9715, 9716, 9717, 9718, 9719, 9720, 9721, 9874, 9875, 9876, 9877, 9878, 9879, 9880, 9881, 9882, 9883, 9884, 10037, 10038, 10039, 10040, 10041, 10042, 10043, 10044, 10045, 10046, 10047, 10200, 10201, 10202, 10203, 10204, 10205, 10206, 10207, 10208, 10209, 10210, 10211, 10364, 10365, 10366, 10367, 10368, 10369, 10370, 10371, 10372, 10373, 10374, 10527, 10528, 10529, 10530, 10531, 10532, 10533, 10534, 10535, 10536, 10690, 10691, 10692, 10693, 10694, 10695, 10696, 10697, 10698, 10854, 10855, 10856, 10857, 10858, 10859, 11017, 11018, 11019]"
53,684699,3901104,0.0,42,"[8253, 8254, 8414, 8415, 8416, 8417, 8576, 8577, 8578, 8579, 8580, 8738, 8739, 8740, 8741, 8742, 8743, 8899, 8900, 8901, 8902, 8903, 8904, 8905, 8906, 9063, 9064, 9065, 9066, 9067, 9068, 9069, 9228, 9229, 9230, 9231, 9232, 9393, 9394, 9395, 9557, 9558]"
54,684014,3898977,1.0,47,"[7106, 7107, 7264, 7265, 7266, 7267, 7268, 7269, 7270, 7271, 7428, 7429, 7430, 7431, 7432, 7433, 7434, 7435, 7593, 7594, 7595, 7596, 7597, 7598, 7599, 7600, 7758, 7759, 7760, 7761, 7762, 7763, 7764, 7922, 7923, 7924, 7925, 7926, 7927, 7928, 8087, 8088, 8089, 8090, 8091, 8092, 8252]"
55,683648,3899593,0.0,36,"[7263, 7427, 7591, 7592, 7754, 7755, 7756, 7757, 7918, 7919, 7920, 7921, 8081, 8082, 8083, 8084, 8085, 8086, 8245, 8246, 8247, 8248, 8249, 8250, 8251, 8409, 8410, 8411, 8412, 8413, 8572, 8573, 8574, 8575, 8736, 8737]"
56,682570,3900267,0.0,70,"[7426, 7589, 7590, 7751, 7752, 7753, 7914, 7915, 7916, 7917, 8077, 8078, 8079, 8080, 8240, 8241, 8242, 8243, 8244, 8403, 8404, 8405, 8406, 8407, 8408, 8565, 8566, 8567, 8568, 8569, 8570, 8571, 8728, 8729, 8730, 8731, 8732, 8733, 8734, 8735, 8891, 8892, 8893, 8894, 8895, 8896, 8897, 8898, 9054, 9055, 9056, 9057, 9058, 9059, 9060, 9061, 9217, 9218, 9219, 9220, 9221, 9222, 9223, 9381, 9382, 9383, 9384, 9385, 9546, 9547]"
57,679696,3899980,0.0,60,"[7414, 7415, 7577, 7578, 7579, 7580, 7581, 7740, 7741, 7742, 7743, 7744, 7903, 7904, 7905, 7906, 7907, 8066, 8067, 8068, 8069, 8070, 8229, 8230, 8231, 8232, 8233, 8392, 8393, 8394, 8395, 8396, 8555, 8556, 8557, 8558, 8559, 8718, 8719, 8720, 8721, 8722, 8881, 8882, 8883, 8884, 8885, 9044, 9045, 9046, 9047, 9048, 9207, 9208, 9209, 9210, 9211, 9372, 9373, 9374]"
58,680756,3899900,0.0,66,"[7422, 7423, 7424, 7425, 7582, 7583, 7584, 7585, 7586, 7587, 7588, 7745, 7746, 7747, 7748, 7749, 7750, 7908, 7909, 7910, 7911, 7912, 7913, 8071, 8072, 8073, 8074, 8075, 8076, 8234, 8235, 8236, 8237, 8238, 8239, 8397, 8398, 8399, 8400, 8401, 8402, 8560, 8561, 8562, 8563, 8564, 8723, 8724, 8725, 8726, 8727, 8886, 8887, 8888, 8889, 8890, 9049, 9050, 9051, 9052, 9053, 9212, 9213, 9214, 9215, 9216]"
59,678315,3900001,0.0,78,"[6920, 7082, 7083, 7084, 7085, 7245, 7246, 7247, 7248, 7249, 7407, 7408, 7409, 7410, 7411, 7412, 7413, 7570, 7571, 7572, 7573, 7574, 7575, 7576, 7733, 7734, 7735, 7736, 7737, 7738, 7739, 7896, 7897, 7898, 7899, 7900, 7901, 7902, 8060, 8061, 8062, 8063, 8064, 8065, 8223, 8224, 8225, 8226, 8227, 8228, 8386, 8387, 8388, 8389, 8390, 8391, 8549, 8550, 8551, 8552, 8553, 8554, 8713, 8714, 8715, 8716, 8717, 8877, 8878, 8879, 8880, 9040, 9041, 9042, 9043, 9204, 9205, 9206]"
60,681040,3902969,0.0,127,"[9375, 9376, 9377, 9378, 9379, 9380, 9537, 9538, 9539, 9540, 9541, 9542, 9543, 9544, 9545, 9699, 9700, 9701, 9702, 9703, 9704, 9705, 9706, 9707, 9708, 9709, 9862, 9863, 9864, 9865, 9866, 9867, 9868, 9869, 9870, 9871, 9872, 9873, 10025, 10026, 10027, 10028, 10029, 10030, 10031, 10032, 10033, 10034, 10035, 10036, 10188, 10189, 10190, 10191, 10192, 10193, 10194, 10195, 10196, 10197, 10198, 10199, 10351, 10352, 10353, 10354, 10355, 10356, 10357, 10358, 10359, 10360, 10361, 10362, 10363, 10514, 10515, 10516, 10517, 10518, 10519, 10520, 10521, 10522, 10523, 10524, 10525, 10526, 10679, 10680, 10681, 10682, 10683, 10684, 10685, 10686, 10687, 10688, 10689, 10844, 10845, 10846, 10847, 10848, 10849, 10850, 10851, 10852, 10853, 11009, 11010, 11011, 11012, 11013, 11014, 11015, 11016, 11174, 11175, 11176, 11177, 11178, 11179, 11339, 11340, 11341, 11342]"
61,678528,3902687,0.0,79,"[9366, 9367, 9368, 9369, 9370, 9371, 9528, 9529, 9530, 9531, 9532, 9533, 9534, 9535, 9536, 9690, 9691, 9692, 9693, 9694, 9695, 9696, 9697, 9698, 9852, 9853, 9854, 9855, 9856, 9857, 9858, 9859, 9860, 9861, 10015, 10016, 10017, 10018, 10019, 10020, 10021, 10022, 10023, 10024, 10178, 10179, 10180, 10181, 10182, 10183, 10184, 10185, 10186, 10187, 10342, 10343, 10344, 10345, 10346, 10347, 10348, 10349, 10350, 10506, 10507, 10508, 10509, 10510, 10511, 10512, 10513, 10670, 10671, 10672, 10673, 10674, 10675, 10836, 10837]"
62,676969,3900772,0.0,37,"[8548, 8709, 8710, 8711, 8712, 8870, 8871, 8872, 8873, 8874, 8875, 8876, 9032, 9033, 9034, 9035, 9036, 9037, 9038, 9039, 9196, 9197, 9198, 9199, 9200, 9201, 9202, 9203, 9360, 9361, 9362, 9363, 9364, 9365, 9525, 9526, 9527]"
63,676116,3902240,0.0,46,"[9030, 9192, 9193, 9194, 9195, 9355, 9356, 9357, 9358, 9359, 9518, 9519, 9520, 9521, 9522, 9523, 9524, 9681, 9682, 9683, 9684, 9685, 9686, 9687, 9688, 9689, 9845, 9846, 9847, 9848, 9849, 9850, 9851, 10008, 10009, 10010, 10011, 10012, 10013, 10014, 10173, 10174, 10175, 10176, 10177, 10338]"
64,676654,3900235,0.0,62,"[7568, 7569, 7729, 7730, 7731, 7732, 7890, 7891, 7892, 7893, 7894, 7895, 8051, 8052, 8053, 8054, 8055, 8056, 8057, 8058, 8059, 8212, 8213, 8214, 8215, 8216, 8217, 8218, 8219, 8220, 8221, 8222, 8376, 8377, 8378, 8379, 8380, 8381, 8382, 8383, 8384, 8385, 8539, 8540, 8541, 8542, 8543, 8544, 8545, 8546, 8547, 8703, 8704, 8705, 8706, 8707, 8708, 8866, 8867, 8868, 8869, 9031]"
65,674092,3901546,0.0,123,"[7714, 7715, 7875, 7876, 7877, 7878, 7879, 7880, 8039, 8040, 8041, 8042, 8043, 8044, 8045, 8046, 8202, 8203, 8204, 8205, 8206, 8207, 8208, 8209, 8210, 8211, 8365, 8366, 8367, 8368, 8369, 8370, 8371, 8372, 8373, 8374, 8375, 8529, 8530, 8531, 8532, 8533, 8534, 8535, 8536, 8537, 8538, 8692, 8693, 8694, 8695, 8696, 8697, 8698, 8699, 8700, 8701, 8702, 8855, 8856, 8857, 8858, 8859, 8860, 8861, 8862, 8863, 8864, 8865, 9019, 9020, 9021, 9022, 9023, 9024, 9025, 9026, 9027, 9028, 9029, 9182, 9183, 9184, 9185, 9186, 9187, 9188, 9189, 9190, 9191, 9345, 9346, 9347, 9348, 9349, 9350, 9351, 9352, 9353, 9354, 9509, 9510, 9511, 9512, 9513, 9514, 9515, 9516, 9672, 9673, 9674, 9675, 9676, 9677, 9678, 9836, 9837, 9838, 9839, 9999, 10000, 10001, 10162]"
66,677159,3904023,0.0,44,"[10339, 10340, 10341, 10501, 10502, 10503, 10504, 10505, 10664, 10665, 10666, 10667, 10668, 10669, 10826, 10827, 10828, 10829, 10830, 10831, 10832, 10989, 10990, 10991, 10992, 10993, 10994, 10995, 11152, 11153, 11154, 11155, 11156, 11157, 11315, 11316, 11317, 11318, 11319, 11479, 11480, 11481, 11642, 11643]"
67,675619,3903194,0.0,28,"[10171, 10172, 10333, 10334, 10335, 10336, 10337, 10495, 10496, 10497, 10498, 10499, 10500, 10658, 10659, 10660, 10661, 10662, 10663, 10820, 10821, 10822, 10823, 10824, 10825, 10986, 10987, 10988]"
68,674942,3902800,0.0,46,"[9517, 9679, 9680, 9840, 9841, 9842, 9843, 9844, 10002, 10003, 10004, 10005, 10006, 10007, 10163, 10164, 10165, 10166, 10167, 10168, 10169, 10170, 10326, 10327, 10328, 10329, 10330, 10331, 10332, 10489, 10490, 10491, 10492, 10493, 10494, 10653, 10654, 10655, 10656, 10657, 10816, 10817, 10818, 10819, 10979, 10980]"
69,672146,3903604,1.0,73,"[10161, 10318, 10319, 10320, 10321, 10322, 10323, 10324, 10325, 10475, 10476, 10477, 10478, 10479, 10480, 10481, 10482, 10483, 10484, 10485, 10486, 10487, 10488, 10638, 10639, 10640, 10641, 10642, 10643, 10644, 10645, 10646, 10647, 10648, 10649, 10650, 10651, 10652, 10802, 10803, 10804, 10805, 10806, 10807, 10808, 10809, 10810, 10811, 10812, 10813, 10814, 10815, 10967, 10968, 10969, 10970, 10971, 10972, 10973, 10974, 10975, 10976, 10977, 10978, 11131, 11132, 11133, 11134, 11135, 11136, 11137, 11138, 11139]"
70,671915,3902311,0.0,126,"[8035, 8036, 8037, 8038, 8196, 8197, 8198, 8199, 8200, 8201, 8359, 8360, 8361, 8362, 8363, 8364, 8522, 8523, 8524, 8525, 8526, 8527, 8528, 8685, 8686, 8687, 8688, 8689, 8690, 8691, 8847, 8848, 8849, 8850, 8851, 8852, 8853, 8854, 9010, 9011, 9012, 9013, 9014, 9015, 9016, 9017, 9018, 9173, 9174, 9175, 9176, 9177, 9178, 9179, 9180, 9181, 9336, 9337, 9338, 9339, 9340, 9341, 9342, 9343, 9344, 9499, 9500, 9501, 9502, 9503, 9504, 9505, 9506, 9507, 9508, 9661, 9662, 9663, 9664, 9665, 9666, 9667, 9668, 9669, 9670, 9671, 9824, 9825, 9826, 9827, 9828, 9829, 9830, 9831, 9832, 9833, 9834, 9835, 9987, 9988, 9989, 9990, 9991, 9992, 9993, 9994, 9995, 9996, 9997, 9998, 10150, 10151, 10152, 10153, 10154, 10155, 10156, 10157, 10158, 10159, 10160, 10313, 10314, 10315, 10316, 10317]"
71,668812,3901697,0.0,290,"[8025, 8026, 8027, 8028, 8029, 8030, 8185, 8186, 8187, 8188, 8189, 8190, 8191, 8192, 8193, 8194, 8195, 8346, 8347, 8348, 8349, 8350, 8351, 8352, 8353, 8354, 8355, 8356, 8357, 8358, 8506, 8507, 8508, 8509, 8510, 8511, 8512, 8513, 8514, 8515, 8516, 8517, 8518, 8519, 8520, 8521, 8668, 8669, 8670, 8671, 8672, 8673, 8674, 8675, 8676, 8677, 8678, 8679, 8680, 8681, 8682, 8683, 8684, 8831, 8832, 8833, 8834, 8835, 8836, 8837, 8838, 8839, 8840, 8841, 8842, 8843, 8844, 8845, 8846, 8994, 8995, 8996, 8997, 8998, 8999, 9000, 9001, 9002, 9003, 9004, 9005, 9006, 9007, 9008, 9009, 9157, 9158, 9159, 9160, 9161, 9162, 9163, 9164, 9165, 9166, 9167, 9168, 9169, 9170, 9171, 9172, 9320, 9321, 9322, 9323, 9324, 9325, 9326, 9327, 9328, 9329, 9330, 9331, 9332, 9333, 9334, 9335, 9483, 9484, 9485, 9486, 9487, 9488, 9489, 9490, 9491, 9492, 9493, 9494, 9495, 9496, 9497, 9498, 9646, 9647, 9648, 9649, 9650, 9651, 9652, 9653, 9654, 9655, 9656, 9657, 9658, 9659, 9660, 9809, 9810, 9811, 9812, 9813, 9814, 9815, 9816, 9817, 9818, 9819, 9820, 9821, 9822, 9823, 9972, 9973, 9974, 9975, 9976, 9977, 9978, 9979, 9980, 9981, 9982, 9983, 9984, 9985, 9986, 10135, 10136, 10137, 10138, 10139, 10140, 10141, 10142, 10143, 10144, 10145, 10146, 10147, 10148, 10149, 10298, 10299, 10300, 10301, 10302, 10303, 10304, 10305, 10306, 10307, 10308, 10309, 10310, 10311, 10312, 10461, 10462, 10463, 10464, 10465, 10466, 10467, 10468, 10469, 10470, 10471, 10472, 10473, 10474, 10624, 10625, 10626, 10627, 10628, 10629, 10630, 10631, 10632, 10633, 10634, 10635, 10636, 10637, 10787, 10788, 10789, 10790, 10791, 10792, 10793, 10794, 10795, 10796, 10797, 10798, 10950, 10951, 10952, 10953, 10954, 10955, 10956, 10957, 10958, 10959, 11113, 11114, 11115, 11116, 11117, 11118, 11119, 11120, 11276, 11277, 11278, 11279, 11280, 11281, 11439, 11440, 11441, 11442, 11602, 11603, 11604, 11765]"
72,664249,3901775,0.0,320,"[7841, 7842, 7843, 7844, 7845, 7846, 8002, 8003, 8004, 8005, 8006, 8007, 8008, 8009, 8010, 8011, 8163, 8164, 8165, 8166, 8167, 8168, 8169, 8170, 8171, 8172, 8173, 8174, 8175, 8325, 8326, 8327, 8328, 8329, 8330, 8331, 8332, 8333, 8334, 8335, 8336, 8337, 8338, 8339, 8488, 8489, 8490, 8491, 8492, 8493, 8494, 8495, 8496, 8497, 8498, 8499, 8500, 8501, 8502, 8503, 8650, 8651, 8652, 8653, 8654, 8655, 8656, 8657, 8658, 8659, 8660, 8661, 8662, 8663, 8664, 8665, 8666, 8667, 8813, 8814, 8815, 8816, 8817, 8818, 8819, 8820, 8821, 8822, 8823, 8824, 8825, 8826, 8827, 8828, 8829, 8830, 8975, 8976, 8977, 8978, 8979, 8980, 8981, 8982, 8983, 8984, 8985, 8986, 8987, 8988, 8989, 8990, 8991, 8992, 8993, 9138, 9139, 9140, 9141, 9142, 9143, 9144, 9145, 9146, 9147, 9148, 9149, 9150, 9151, 9152, 9153, 9154, 9155, 9156, 9301, 9302, 9303, 9304, 9305, 9306, 9307, 9308, 9309, 9310, 9311, 9312, 9313, 9314, 9315, 9316, 9317, 9318, 9319, 9464, 9465, 9466, 9467, 9468, 9469, 9470, 9471, 9472, 9473, 9474, 9475, 9476, 9477, 9478, 9479, 9480, 9481, 9482, 9627, 9628, 9629, 9630, 9631, 9632, 9633, 9634, 9635, 9636, 9637, 9638, 9639, 9640, 9641, 9642, 9643, 9644, 9645, 9790, 9791, 9792, 9793, 9794, 9795, 9796, 9797, 9798, 9799, 9800, 9801, 9802, 9803, 9804, 9805, 9806, 9807, 9808, 9953, 9954, 9955, 9956, 9957, 9958, 9959, 9960, 9961, 9962, 9963, 9964, 9965, 9966, 9967, 9968, 9969, 9970, 9971, 10117, 10118, 10119, 10120, 10121, 10122, 10123, 10124, 10125, 10126, 10127, 10128, 10129, 10130, 10131, 10132, 10133, 10134, 10280, 10281, 10282, 10283, 10284, 10285, 10286, 10287, 10288, 10289, 10290, 10291, 10292, 10293, 10294, 10295, 10296, 10297, 10444, 10445, 10446, 10447, 10448, 10449, 10450, 10451, 10452, 10453, 10454, 10455, 10456, 10457, 10458, 10459, 10608, 10609, 10610, 10611, 10612, 10613, 10614, 10615, 10616, 10617, 10618, 10619, 10620, 10621, 10772, 10773, 10774, 10775, 10776, 10777, 10778, 10779, 10780, 10781, 10782, 10783, 10936, 10937, 10938, 10939, 10940, 10941, 10942, 10943, 10944, 10945, 11103, 11104, 11105]"
74,667358,3897928,0.0,320,"[5079, 5080, 5081, 5082, 5240, 5241, 5242, 5243, 5244, 5245, 5246, 5247, 5248, 5402, 5403, 5404, 5405, 5406, 5407, 5408, 5409, 5410, 5411, 5412, 5564, 5565, 5566, 5567, 5568, 5569, 5570, 5571, 5572, 5573, 5574, 5575, 5576, 5727, 5728, 5729, 5730, 5731, 5732, 5733, 5734, 5735, 5736, 5737, 5738, 5739, 5740, 5889, 5890, 5891, 5892, 5893, 5894, 5895, 5896, 5897, 5898, 5899, 5900, 5901, 5902, 5903, 5904, 6051, 6052, 6053, 6054, 6055, 6056, 6057, 6058, 6059, 6060, 6061, 6062, 6063, 6064, 6065, 6066, 6067, 6214, 6215, 6216, 6217, 6218, 6219, 6220, 6221, 6222, 6223, 6224, 6225, 6226, 6227, 6228, 6229, 6230, 6377, 6378, 6379, 6380, 6381, 6382, 6383, 6384, 6385, 6386, 6387, 6388, 6389, 6390, 6391, 6392, 6393, 6394, 6540, 6541, 6542, 6543, 6544, 6545, 6546, 6547, 6548, 6549, 6550, 6551, 6552, 6553, 6554, 6555, 6556, 6557, 6702, 6703, 6704, 6705, 6706, 6707, 6708, 6709, 6710, 6711, 6712, 6713, 6714, 6715, 6716, 6717, 6718, 6719, 6720, 6865, 6866, 6867, 6868, 6869, 6870, 6871, 6872, 6873, 6874, 6875, 6876, 6877, 6878, 6879, 6880, 6881, 6882, 6883, 6884, 7028, 7029, 7030, 7031, 7032, 7033, 7034, 7035, 7036, 7037, 7038, 7039, 7040, 7041, 7042, 7043, 7044, 7045, 7046, 7047, 7191, 7192, 7193, 7194, 7195, 7196, 7197, 7198, 7199, 7200, 7201, 7202, 7203, 7204, 7205, 7206, 7207, 7208, 7209, 7210, 7355, 7356, 7357, 7358, 7359, 7360, 7361, 7362, 7363, 7364, 7365, 7366, 7367, 7368, 7369, 7370, 7371, 7372, 7373, 7374, 7519, 7520, 7521, 7522, 7523, 7524, 7525, 7526, 7527, 7528, 7529, 7530, 7531, 7532, 7533, 7534, 7535, 7536, 7537, 7683, 7684, 7685, 7686, 7687, 7688, 7689, 7690, 7691, 7692, 7693, 7694, 7695, 7696, 7697, 7698, 7699, 7700, 7848, 7849, 7850, 7851, 7852, 7853, 7854, 7855, 7856, 7857, 7858, 7859, 7860, 7861, 7862, 7863, 7864, 8012, 8013, 8014, 8015, 8016, 8017, 8018, 8019, 8020, 8021, 8022, 8023, 8024, 8176, 8177, 8178, 8179, 8180, 8181, 8182, 8183, 8184, 8340, 8341, 8342, 8343, 8344, 8345, 8504, 8505]"
75,668548,3892734,0.0,320,"[1826, 1827, 1828, 1829, 1830, 1831, 1832, 1833, 1987, 1988, 1989, 1990, 1991, 1992, 1993, 1994, 1995, 1996, 1997, 1998, 2149, 2150, 2151, 2152, 2153, 2154, 2155, 2156, 2157, 2158, 2159, 2160, 2161, 2162, 2163, 2311, 2312, 2313, 2314, 2315, 2316, 2317, 2318, 2319, 2320, 2321, 2322, 2323, 2324, 2325, 2326, 2327, 2473, 2474, 2475, 2476, 2477, 2478, 2479, 2480, 2481, 2482, 2483, 2484, 2485, 2486, 2487, 2488, 2489, 2490, 2491, 2635, 2636, 2637, 2638, 2639, 2640, 2641, 2642, 2643, 2644, 2645, 2646, 2647, 2648, 2649, 2650, 2651, 2652, 2653, 2654, 2798, 2799, 2800, 2801, 2802, 2803, 2804, 2805, 2806, 2807, 2808, 2809, 2810, 2811, 2812, 2813, 2814, 2815, 2816, 2817, 2818, 2960, 2961, 2962, 2963, 2964, 2965, 2966, 2967, 2968, 2969, 2970, 2971, 2972, 2973, 2974, 2975, 2976, 2977, 2978, 2979, 2980, 2981, 3123, 3124, 3125, 3126, 3127, 3128, 3129, 3130, 3131, 3132, 3133, 3134, 3135, 3136, 3137, 3138, 3139, 3140, 3141, 3142, 3143, 3144, 3286, 3287, 3288, 3289, 3290, 3291, 3292, 3293, 3294, 3295, 3296, 3297, 3298, 3299, 3300, 3301, 3302, 3303, 3304, 3305, 3306, 3307, 3449, 3450, 3451, 3452, 3453, 3454, 3455, 3456, 3457, 3458, 3459, 3460, 3461, 3462, 3463, 3464, 3465, 3466, 3467, 3468, 3469, 3612, 3613, 3614, 3615, 3616, 3617, 3618, 3619, 3620, 3621, 3622, 3623, 3624, 3625, 3626, 3627, 3628, 3629, 3630, 3631, 3775, 3776, 3777, 3778, 3779, 3780, 3781, 3782, 3783, 3784, 3785, 3786, 3787, 3788, 3789, 3790, 3791, 3792, 3938, 3939, 3940, 3941, 3942, 3943, 3944, 3945, 3946, 3947, 3948, 3949, 3950, 3951, 3952, 3953, 3954, 4101, 4102, 4103, 4104, 4105, 4106, 4107, 4108, 4109, 4110, 4111, 4112, 4113, 4114, 4115, 4264, 4265, 4266, 4267, 4268, 4269, 4270, 4271, 4272, 4273, 4274, 4275, 4276, 4277, 4428, 4429, 4430, 4431, 4432, 4433, 4434, 4435, 4436, 4437, 4438, 4591, 4592, 4593, 4594, 4595, 4596, 4597, 4598, 4599, 4600, 4755, 4756, 4757, 4758, 4759, 4760, 4761, 4762, 4919, 4920, 4921, 4922, 4923, 5083, 5084, 5085]"
76,670010,3894790,1.0,204,"[3308, 3309, 3310, 3470, 3471, 3472, 3473, 3632, 3633, 3634, 3635, 3636, 3793, 3794, 3795, 3796, 3797, 3798, 3799, 3800, 3955, 3956, 3957, 3958, 3959, 3960, 3961, 3962, 3963, 4116, 4117, 4118, 4119, 4120, 4121, 4122, 4123, 4124, 4125, 4126, 4127, 4278, 4279, 4280, 4281, 4282, 4283, 4284, 4285, 4286, 4287, 4288, 4289, 4290, 4439, 4440, 4441, 4442, 4443, 4444, 4445, 4446, 4447, 4448, 4449, 4450, 4451, 4452, 4453, 4454, 4601, 4602, 4603, 4604, 4605, 4606, 4607, 4608, 4609, 4610, 4611, 4612, 4613, 4614, 4615, 4616, 4617, 4763, 4764, 4765, 4766, 4767, 4768, 4769, 4770, 4771, 4772, 4773, 4774, 4775, 4776, 4777, 4778, 4779, 4780, 4781, 4924, 4925, 4926, 4927, 4928, 4929, 4930, 4931, 4932, 4933, 4934, 4935, 4936, 4937, 4938, 4939, 4940, 4941, 4942, 4943, 4944, 5086, 5087, 5088, 5089, 5090, 5091, 5092, 5093, 5094, 5095, 5096, 5097, 5098, 5099, 5100, 5101, 5102, 5103, 5104, 5105, 5106, 5107, 5108, 5249, 5250, 5251, 5252, 5253, 5254, 5255, 5256, 5257, 5258, 5259, 5260, 5261, 5262, 5263, 5264, 5265, 5266, 5267, 5268, 5269, 5270, 5271, 5413, 5414, 5415, 5416, 5417, 5418, 5419, 5420, 5421, 5422, 5423, 5424, 5425, 5426, 5427, 5428, 5429, 5430, 5431, 5432, 5577, 5578, 5579, 5580, 5581, 5582, 5583, 5584, 5585, 5586, 5741]"
77,670267,3896929,0.0,237,"[5433, 5434, 5587, 5588, 5589, 5590, 5591, 5592, 5593, 5594, 5595, 5596, 5597, 5742, 5743, 5744, 5745, 5746, 5747, 5748, 5749, 5750, 5751, 5752, 5753, 5754, 5755, 5756, 5757, 5758, 5759, 5760, 5905, 5906, 5907, 5908, 5909, 5910, 5911, 5912, 5913, 5914, 5915, 5916, 5917, 5918, 5919, 5920, 5921, 5922, 5923, 6068, 6069, 6070, 6071, 6072, 6073, 6074, 6075, 6076, 6077, 6078, 6079, 6080, 6081, 6082, 6083, 6084, 6085, 6231, 6232, 6233, 6234, 6235, 6236, 6237, 6238, 6239, 6240, 6241, 6242, 6243, 6244, 6245, 6246, 6247, 6248, 6395, 6396, 6397, 6398, 6399, 6400, 6401, 6402, 6403, 6404, 6405, 6406, 6407, 6408, 6409, 6410, 6411, 6558, 6559, 6560, 6561, 6562, 6563, 6564, 6565, 6566, 6567, 6568, 6569, 6570, 6571, 6572, 6573, 6574, 6721, 6722, 6723, 6724, 6725, 6726, 6727, 6728, 6729, 6730, 6731, 6732, 6733, 6734, 6735, 6736, 6737, 6885, 6886, 6887, 6888, 6889, 6890, 6891, 6892, 6893, 6894, 6895, 6896, 6897, 6898, 6899, 7048, 7049, 7050, 7051, 7052, 7053, 7054, 7055, 7056, 7057, 7058, 7059, 7060, 7061, 7062, 7211, 7212, 7213, 7214, 7215, 7216, 7217, 7218, 7219, 7220, 7221, 7222, 7223, 7224, 7225, 7375, 7376, 7377, 7378, 7379, 7380, 7381, 7382, 7383, 7384, 7385, 7386, 7387, 7388, 7538, 7539, 7540, 7541, 7542, 7543, 7544, 7545, 7546, 7547, 7548, 7549, 7550, 7701, 7702, 7703, 7704, 7705, 7706, 7707, 7708, 7709, 7710, 7711, 7712, 7713, 7865, 7866, 7867, 7868, 7869, 7870, 7871, 7872, 7873, 7874, 8031, 8032, 8033, 8034]"
78,675010,3892538,1.0,320,"[1526, 1527, 1528, 1529, 1530, 1531, 1532, 1533, 1687, 1688, 1689, 1690, 1691, 1692, 1693, 1694, 1695, 1696, 1697, 1698, 1848, 1849, 1850, 1851, 1852, 1853, 1854, 1855, 1856, 1857, 1858, 1859, 1860, 1861, 1862, 1863, 2010, 2011, 2012, 2013, 2014, 2015, 2016, 2017, 2018, 2019, 2020, 2021, 2022, 2023, 2024, 2025, 2026, 2027, 2172, 2173, 2174, 2175, 2176, 2177, 2178, 2179, 2180, 2181, 2182, 2183, 2184, 2185, 2186, 2187, 2188, 2189, 2190, 2191, 2334, 2335, 2336, 2337, 2338, 2339, 2340, 2341, 2342, 2343, 2344, 2345, 2346, 2347, 2348, 2349, 2350, 2351, 2352, 2353, 2354, 2355, 2497, 2498, 2499, 2500, 2501, 2502, 2503, 2504, 2505, 2506, 2507, 2508, 2509, 2510, 2511, 2512, 2513, 2514, 2515, 2516, 2517, 2518, 2659, 2660, 2661, 2662, 2663, 2664, 2665, 2666, 2667, 2668, 2669, 2670, 2671, 2672, 2673, 2674, 2675, 2676, 2677, 2678, 2679, 2680, 2681, 2822, 2823, 2824, 2825, 2826, 2827, 2828, 2829, 2830, 2831, 2832, 2833, 2834, 2835, 2836, 2837, 2838, 2839, 2840, 2841, 2842, 2985, 2986, 2987, 2988, 2989, 2990, 2991, 2992, 2993, 2994, 2995, 2996, 2997, 2998, 2999, 3000, 3001, 3002, 3003, 3004, 3147, 3148, 3149, 3150, 3151, 3152, 3153, 3154, 3155, 3156, 3157, 3158, 3159, 3160, 3161, 3162, 3163, 3164, 3165, 3166, 3311, 3312, 3313, 3314, 3315, 3316, 3317, 3318, 3319, 3320, 3321, 3322, 3323, 3324, 3325, 3326, 3327, 3328, 3474, 3475, 3476, 3477, 3478, 3479, 3480, 3481, 3482, 3483, 3484, 3485, 3486, 3487, 3488, 3489, 3490, 3637, 3638, 3639, 3640, 3641, 3642, 3643, 3644, 3645, 3646, 3647, 3648, 3649, 3650, 3651, 3652, 3801, 3802, 3803, 3804, 3805, 3806, 3807, 3808, 3809, 3810, 3811, 3812, 3813, 3814, 3964, 3965, 3966, 3967, 3968, 3969, 3970, 3971, 3972, 3973, 3974, 3975, 3976, 4128, 4129, 4130, 4131, 4132, 4133, 4134, 4135, 4136, 4137, 4291, 4292, 4293, 4294, 4295, 4296, 4297, 4298, 4299, 4455, 4456, 4457, 4458, 4459, 4460, 4461, 4618, 4619, 4620, 4621, 4622, 4623, 4782, 4783, 4784, 4785, 4945, 4946, 4947, 5109]"
79,676103,3893769,0.0,263,"[2034, 2196, 2197, 2358, 2359, 2360, 2520, 2521, 2522, 2523, 2524, 2682, 2683, 2684, 2685, 2686, 2843, 2844, 2845, 2846, 2847, 2848, 2849, 3005, 3006, 3007, 3008, 3009, 3010, 3011, 3012, 3167, 3168, 3169, 3170, 3171, 3172, 3173, 3174, 3175, 3329, 3330, 3331, 3332, 3333, 3334, 3335, 3336, 3337, 3491, 3492, 3493, 3494, 3495, 3496, 3497, 3498, 3499, 3500, 3653, 3654, 3655, 3656, 3657, 3658, 3659, 3660, 3661, 3662, 3663, 3815, 3816, 3817, 3818, 3819, 3820, 3821, 3822, 3823, 3824, 3825, 3826, 3977, 3978, 3979, 3980, 3981, 3982, 3983, 3984, 3985, 3986, 3987, 3988, 4138, 4139, 4140, 4141, 4142, 4143, 4144, 4145, 4146, 4147, 4148, 4149, 4150, 4151, 4300, 4301, 4302, 4303, 4304, 4305, 4306, 4307, 4308, 4309, 4310, 4311, 4312, 4313, 4314, 4462, 4463, 4464, 4465, 4466, 4467, 4468, 4469, 4470, 4471, 4472, 4473, 4474, 4475, 4476, 4477, 4624, 4625, 4626, 4627, 4628, 4629, 4630, 4631, 4632, 4633, 4634, 4635, 4636, 4637, 4638, 4639, 4786, 4787, 4788, 4789, 4790, 4791, 4792, 4793, 4794, 4795, 4796, 4797, 4798, 4799, 4800, 4801, 4802, 4948, 4949, 4950, 4951, 4952, 4953, 4954, 4955, 4956, 4957, 4958, 4959, 4960, 4961, 4962, 4963, 4964, 4965, 5110, 5111, 5112, 5113, 5114, 5115, 5116, 5117, 5118, 5119, 5120, 5121, 5122, 5123, 5124, 5125, 5126, 5127, 5128, 5272, 5273, 5274, 5275, 5276, 5277, 5278, 5279, 5280, 5281, 5282, 5283, 5284, 5285, 5286, 5287, 5288, 5289, 5290, 5435, 5436, 5437, 5438, 5439, 5440, 5441, 5442, 5443, 5444, 5445, 5446, 5447, 5448, 5449, 5450, 5451, 5452, 5453, 5605, 5606, 5607, 5608, 5609, 5610, 5611, 5612, 5613, 5614, 5615, 5616, 5775, 5776, 5777, 5778]"
80,675545,3898078,0.0,254,"[5598, 5599, 5600, 5601, 5602, 5603, 5604, 5761, 5762, 5763, 5764, 5765, 5766, 5767, 5768, 5769, 5770, 5771, 5772, 5773, 5774, 5924, 5925, 5926, 5927, 5928, 5929, 5930, 5931, 5932, 5933, 5934, 5935, 5936, 5937, 5938, 5939, 5940, 5941, 6086, 6087, 6088, 6089, 6090, 6091, 6092, 6093, 6094, 6095, 6096, 6097, 6098, 6099, 6100, 6101, 6102, 6103, 6104, 6249, 6250, 6251, 6252, 6253, 6254, 6255, 6256, 6257, 6258, 6259, 6260, 6261, 6262, 6263, 6264, 6265, 6266, 6267, 6412, 6413, 6414, 6415, 6416, 6417, 6418, 6419, 6420, 6421, 6422, 6423, 6424, 6425, 6426, 6427, 6428, 6429, 6430, 6575, 6576, 6577, 6578, 6579, 6580, 6581, 6582, 6583, 6584, 6585, 6586, 6587, 6588, 6589, 6590, 6591, 6592, 6593, 6738, 6739, 6740, 6741, 6742, 6743, 6744, 6745, 6746, 6747, 6748, 6749, 6750, 6751, 6752, 6753, 6754, 6755, 6756, 6757, 6900, 6901, 6902, 6903, 6904, 6905, 6906, 6907, 6908, 6909, 6910, 6911, 6912, 6913, 6914, 6915, 6916, 6917, 6918, 6919, 7063, 7064, 7065, 7066, 7067, 7068, 7069, 7070, 7071, 7072, 7073, 7074, 7075, 7076, 7077, 7078, 7079, 7080, 7081, 7226, 7227, 7228, 7229, 7230, 7231, 7232, 7233, 7234, 7235, 7236, 7237, 7238, 7239, 7240, 7241, 7242, 7243, 7244, 7389, 7390, 7391, 7392, 7393, 7394, 7395, 7396, 7397, 7398, 7399, 7400, 7401, 7402, 7403, 7404, 7405, 7406, 7551, 7552, 7553, 7554, 7555, 7556, 7557, 7558, 7559, 7560, 7561, 7562, 7563, 7564, 7565, 7566, 7567, 7716, 7717, 7718, 7719, 7720, 7721, 7722, 7723, 7724, 7725, 7726, 7727, 7728, 7881, 7882, 7883, 7884, 7885, 7886, 7887, 7888, 7889, 8047, 8048, 8049, 8050]"
81,680279,3897368,0.0,127,"[5779, 5780, 5781, 5942, 5943, 5944, 5945, 5946, 5947, 6105, 6106, 6107, 6108, 6109, 6110, 6111, 6112, 6113, 6268, 6269, 6270, 6271, 6272, 6273, 6274, 6275, 6276, 6277, 6278, 6279, 6431, 6432, 6433, 6434, 6435, 6436, 6437, 6438, 6439, 6440, 6441, 6442, 6443, 6444, 6445, 6594, 6595, 6596, 6597, 6598, 6599, 6600, 6601, 6602, 6603, 6604, 6605, 6606, 6607, 6608, 6609, 6610, 6758, 6759, 6760, 6761, 6762, 6763, 6764, 6765, 6766, 6767, 6768, 6769, 6770, 6771, 6772, 6773, 6921, 6922, 6923, 6924, 6925, 6926, 6927, 6928, 6929, 6930, 6931, 6932, 6933, 6934, 6935, 6936, 7086, 7087, 7088, 7089, 7090, 7091, 7092, 7093, 7094, 7095, 7096, 7097, 7098, 7099, 7250, 7251, 7252, 7253, 7254, 7255, 7256, 7257, 7258, 7259, 7260, 7261, 7262, 7416, 7417, 7418, 7419, 7420, 7421]"
82,680735,3896078,0.0,69,"[5306, 5307, 5463, 5464, 5465, 5466, 5467, 5468, 5469, 5470, 5620, 5621, 5622, 5623, 5624, 5625, 5626, 5627, 5628, 5629, 5630, 5631, 5632, 5633, 5782, 5783, 5784, 5785, 5786, 5787, 5788, 5789, 5790, 5791, 5792, 5793, 5794, 5795, 5796, 5797, 5948, 5949, 5950, 5951, 5952, 5953, 5954, 5955, 5956, 5957, 5958, 5959, 6114, 6115, 6116, 6117, 6118, 6119, 6120, 6121, 6122, 6280, 6281, 6282, 6283, 6284, 6285, 6446, 6447]"
83,680553,3894908,0.0,176,"[2687, 2688, 2850, 2851, 3013, 3014, 3015, 3176, 3177, 3178, 3179, 3338, 3339, 3340, 3341, 3342, 3343, 3501, 3502, 3503, 3504, 3505, 3506, 3507, 3664, 3665, 3666, 3667, 3668, 3669, 3670, 3671, 3827, 3828, 3829, 3830, 3831, 3832, 3833, 3834, 3835, 3989, 3990, 3991, 3992, 3993, 3994, 3995, 3996, 3997, 3998, 3999, 4152, 4153, 4154, 4155, 4156, 4157, 4158, 4159, 4160, 4161, 4162, 4163, 4315, 4316, 4317, 4318, 4319, 4320, 4321, 4322, 4323, 4324, 4325, 4326, 4478, 4479, 4480, 4481, 4482, 4483, 4484, 4485, 4486, 4487, 4488, 4489, 4490, 4640, 4641, 4642, 4643, 4644, 4645, 4646, 4647, 4648, 4649, 4650, 4651, 4652, 4653, 4803, 4804, 4805, 4806, 4807, 4808, 4809, 4810, 4811, 4812, 4813, 4814, 4815, 4816, 4817, 4966, 4967, 4968, 4969, 4970, 4971, 4972, 4973, 4974, 4975, 4976, 4977, 4978, 4979, 4980, 5129, 5130, 5131, 5132, 5133, 5134, 5135, 5136, 5137, 5138, 5139, 5140, 5141, 5142, 5143, 5144, 5291, 5292, 5293, 5294, 5295, 5296, 5297, 5298, 5299, 5300, 5301, 5302, 5303, 5304, 5305, 5454, 5455, 5456, 5457, 5458, 5459, 5460, 5461, 5462, 5617, 5618, 5619]"
84,682891,3892733,0.0,320,"[1068, 1069, 1070, 1071, 1072, 1073, 1074, 1075, 1076, 1228, 1229, 1230, 1231, 1232, 1233, 1234, 1235, 1236, 1237, 1238, 1239, 1240, 1389, 1390, 1391, 1392, 1393, 1394, 1395, 1396, 1397, 1398, 1399, 1400, 1401, 1402, 1403, 1551, 1552, 1553, 1554, 1555, 1556, 1557, 1558, 1559, 1560, 1561, 1562, 1563, 1564, 1565, 1566, 1567, 1713, 1714, 1715, 1716, 1717, 1718, 1719, 1720, 1721, 1722, 1723, 1724, 1725, 1726, 1727, 1728, 1729, 1730, 1875, 1876, 1877, 1878, 1879, 1880, 1881, 1882, 1883, 1884, 1885, 1886, 1887, 1888, 1889, 1890, 1891, 1892, 1893, 2037, 2038, 2039, 2040, 2041, 2042, 2043, 2044, 2045, 2046, 2047, 2048, 2049, 2050, 2051, 2052, 2053, 2054, 2055, 2056, 2200, 2201, 2202, 2203, 2204, 2205, 2206, 2207, 2208, 2209, 2210, 2211, 2212, 2213, 2214, 2215, 2216, 2217, 2218, 2219, 2362, 2363, 2364, 2365, 2366, 2367, 2368, 2369, 2370, 2371, 2372, 2373, 2374, 2375, 2376, 2377, 2378, 2379, 2380, 2381, 2382, 2525, 2526, 2527, 2528, 2529, 2530, 2531, 2532, 2533, 2534, 2535, 2536, 2537, 2538, 2539, 2540, 2541, 2542, 2543, 2544, 2545, 2689, 2690, 2691, 2692, 2693, 2694, 2695, 2696, 2697, 2698, 2699, 2700, 2701, 2702, 2703, 2704, 2705, 2706, 2707, 2708, 2709, 2852, 2853, 2854, 2855, 2856, 2857, 2858, 2859, 2860, 2861, 2862, 2863, 2864, 2865, 2866, 2867, 2868, 2869, 2870, 2871, 2872, 3016, 3017, 3018, 3019, 3020, 3021, 3022, 3023, 3024, 3025, 3026, 3027, 3028, 3029, 3030, 3031, 3032, 3033, 3034, 3035, 3180, 3181, 3182, 3183, 3184, 3185, 3186, 3187, 3188, 3189, 3190, 3191, 3192, 3193, 3194, 3195, 3196, 3197, 3198, 3344, 3345, 3346, 3347, 3348, 3349, 3350, 3351, 3352, 3353, 3354, 3355, 3356, 3357, 3358, 3359, 3360, 3361, 3508, 3509, 3510, 3511, 3512, 3513, 3514, 3515, 3516, 3517, 3518, 3519, 3520, 3521, 3522, 3523, 3524, 3672, 3673, 3674, 3675, 3676, 3677, 3678, 3679, 3680, 3681, 3682, 3683, 3684, 3685, 3686, 3687, 3836, 3837, 3838, 3839, 3840, 3841, 3842, 3843, 3844, 3845, 3846, 4000, 4001, 4002, 4003]"
85,683049,3893612,0.0,85,"[3847, 3848, 3849, 3850, 3851, 4004, 4005, 4006, 4007, 4008, 4009, 4010, 4011, 4012, 4013, 4014, 4164, 4165, 4166, 4167, 4168, 4169, 4170, 4171, 4172, 4173, 4174, 4175, 4176, 4177, 4178, 4327, 4328, 4329, 4330, 4331, 4332, 4333, 4334, 4335, 4336, 4337, 4338, 4339, 4340, 4341, 4491, 4492, 4493, 4494, 4495, 4496, 4497, 4498, 4499, 4500, 4501, 4502, 4503, 4654, 4655, 4656, 4657, 4658, 4659, 4660, 4661, 4662, 4663, 4664, 4818, 4819, 4820, 4821, 4822, 4823, 4824, 4825, 4981, 4982, 4983, 4984, 4985, 5145, 5146]"
86,686754,3892178,1.0,200,"[99, 100, 262, 263, 426, 427, 589, 590, 752, 753, 915, 916, 917, 1078, 1079, 1080, 1081, 1241, 1242, 1243, 1244, 1404, 1405, 1406, 1407, 1408, 1568, 1569, 1570, 1571, 1731, 1732, 1733, 1734, 1735, 1894, 1895, 1896, 1897, 1898, 2057, 2058, 2059, 2060, 2061, 2062, 2220, 2221, 2222, 2223, 2224, 2225, 2383, 2384, 2385, 2386, 2387, 2388, 2389, 2546, 2547, 2548, 2549, 2550, 2551, 2552, 2553, 2710, 2711, 2712, 2713, 2714, 2715, 2716, 2873, 2874, 2875, 2876, 2877, 2878, 2879, 2880, 3036, 3037, 3038, 3039, 3040, 3041, 3042, 3043, 3199, 3200, 3201, 3202, 3203, 3204, 3205, 3206, 3207, 3362, 3363, 3364, 3365, 3366, 3367, 3368, 3369, 3370, 3525, 3526, 3527, 3528, 3529, 3530, 3531, 3532, 3533, 3534, 3688, 3689, 3690, 3691, 3692, 3693, 3694, 3695, 3696, 3697, 3698, 3699, 3700, 3701, 3702, 3707, 3708, 3852, 3853, 3854, 3855, 3856, 3857, 3858, 3859, 3860, 3861, 3862, 3863, 3864, 3865, 3866, 3867, 3868, 3869, 3870, 4015, 4016, 4017, 4018, 4019, 4020, 4021, 4022, 4023, 4024, 4025, 4026, 4027, 4028, 4029, 4030, 4031, 4179, 4180, 4181, 4182, 4183, 4184, 4185, 4186, 4187, 4188, 4189, 4190, 4191, 4192, 4193, 4342, 4343, 4344, 4345, 4346, 4347, 4348, 4349, 4350, 4351, 4352, 4353, 4354, 4355]"
87,684015,3895826,0.0,77,"[4504, 4665, 4666, 4667, 4826, 4827, 4828, 4829, 4830, 4986, 4987, 4988, 4989, 4990, 4991, 4992, 4993, 5147, 5148, 5149, 5150, 5151, 5152, 5153, 5154, 5155, 5156, 5308, 5309, 5310, 5311, 5312, 5313, 5314, 5315, 5316, 5317, 5318, 5319, 5471, 5472, 5473, 5474, 5475, 5476, 5477, 5478, 5479, 5480, 5481, 5482, 5634, 5635, 5636, 5637, 5638, 5639, 5640, 5641, 5642, 5643, 5644, 5798, 5799, 5800, 5801, 5802, 5803, 5804, 5805, 5806, 5964, 5965, 5966, 5967, 5968, 5969]"
88,683763,3897030,0.0,65,"[5960, 5961, 5962, 5963, 6123, 6124, 6125, 6126, 6127, 6128, 6129, 6130, 6131, 6286, 6287, 6288, 6289, 6290, 6291, 6292, 6293, 6294, 6448, 6449, 6450, 6451, 6452, 6453, 6454, 6455, 6456, 6457, 6611, 6612, 6613, 6614, 6615, 6616, 6617, 6618, 6619, 6620, 6774, 6775, 6776, 6777, 6778, 6779, 6780, 6781, 6782, 6937, 6938, 6939, 6940, 6941, 6942, 6943, 6944, 7100, 7101, 7102, 7103, 7104, 7105]"
89,684872,3897904,0.0,71,"[6621, 6622, 6783, 6784, 6785, 6786, 6787, 6945, 6946, 6947, 6948, 6949, 6950, 6951, 6952, 6953, 7108, 7109, 7110, 7111, 7112, 7113, 7114, 7115, 7116, 7117, 7118, 7272, 7273, 7274, 7275, 7276, 7277, 7278, 7279, 7280, 7281, 7282, 7283, 7436, 7437, 7438, 7439, 7440, 7441, 7442, 7443, 7444, 7445, 7446, 7447, 7448, 7601, 7602, 7603, 7604, 7605, 7606, 7607, 7608, 7609, 7610, 7765, 7766, 7767, 7768, 7769, 7770, 7929, 7930, 7931]"
90,685404,3896754,0.0,68,"[5483, 5645, 5646, 5647, 5807, 5808, 5809, 5810, 5811, 5970, 5971, 5972, 5973, 5974, 5975, 6132, 6133, 6134, 6135, 6136, 6137, 6138, 6139, 6295, 6296, 6297, 6298, 6299, 6300, 6301, 6302, 6458, 6459, 6460, 6461, 6462, 6463, 6464, 6465, 6466, 6623, 6624, 6625, 6626, 6627, 6628, 6629, 6630, 6788, 6789, 6790, 6791, 6792, 6793, 6794, 6954, 6955, 6956, 6957, 6958, 7119, 7120, 7121, 7122, 7284, 7285, 7286, 7449]"
91,686676,3895590,0.0,144,"[4505, 4506, 4507, 4508, 4509, 4510, 4511, 4512, 4513, 4514, 4515, 4516, 4517, 4668, 4669, 4670, 4671, 4672, 4673, 4674, 4675, 4676, 4677, 4678, 4679, 4680, 4831, 4832, 4833, 4834, 4835, 4836, 4837, 4838, 4839, 4840, 4841, 4842, 4843, 4994, 4995, 4996, 4997, 4998, 4999, 5000, 5001, 5002, 5003, 5004, 5005, 5006, 5157, 5158, 5159, 5160, 5161, 5162, 5163, 5164, 5165, 5166, 5167, 5168, 5169, 5320, 5321, 5322, 5323, 5324, 5325, 5326, 5327, 5328, 5329, 5330, 5331, 5484, 5485, 5486, 5487, 5488, 5489, 5490, 5491, 5492, 5493, 5494, 5648, 5649, 5650, 5651, 5652, 5653, 5654, 5655, 5656, 5657, 5812, 5813, 5814, 5815, 5816, 5817, 5818, 5819, 5820, 5976, 5977, 5978, 5979, 5980, 5981, 5982, 5983, 6140, 6141, 6142, 6143, 6144, 6145, 6146, 6303, 6304, 6305, 6306, 6307, 6308, 6309, 6467, 6468, 6469, 6470, 6471, 6631, 6632, 6633, 6634, 6795, 6796, 6797, 6959, 6960, 7123]"
92,689900,3896051,0.0,174,"[3871, 3872, 4032, 4033, 4194, 4195, 4356, 4357, 4358, 4518, 4519, 4520, 4521, 4522, 4523, 4681, 4682, 4683, 4684, 4685, 4686, 4844, 4845, 4846, 4847, 4848, 4849, 5007, 5008, 5009, 5010, 5011, 5012, 5013, 5170, 5171, 5172, 5173, 5174, 5175, 5176, 5332, 5333, 5334, 5335, 5336, 5337, 5338, 5339, 5340, 5341, 5495, 5496, 5497, 5498, 5499, 5500, 5501, 5502, 5503, 5504, 5505, 5658, 5659, 5660, 5661, 5662, 5663, 5664, 5665, 5666, 5667, 5668, 5821, 5822, 5823, 5824, 5825, 5826, 5827, 5828, 5829, 5830, 5831, 5984, 5985, 5986, 5987, 5988, 5989, 5990, 5991, 5992, 5993, 5994, 5995, 6147, 6148, 6149, 6150, 6151, 6152, 6153, 6154, 6155, 6156, 6157, 6158, 6159, 6310, 6311, 6312, 6313, 6314, 6315, 6316, 6317, 6318, 6319, 6320, 6321, 6472, 6473, 6474, 6475, 6476, 6477, 6478, 6479, 6480, 6481, 6482, 6483, 6635, 6636, 6637, 6638, 6639, 6640, 6641, 6642, 6643, 6644, 6645, 6798, 6799, 6800, 6801, 6802, 6803, 6804, 6805, 6806, 6961, 6962, 6963, 6964, 6965, 6966, 6967, 6968, 7124, 7125, 7126, 7127, 7128, 7129, 7287, 7288, 7289, 7290, 7291, 7451, 7452]"
